-- phpMyAdmin SQL Dump
-- version 3.5.8.2
-- http://www.phpmyadmin.net
--
-- Client: sql101.byetcluster.com
-- Généré le: Jeu 20 Juin 2019 à 11:33
-- Version du serveur: 5.6.21-69.0
-- Version de PHP: 5.3.3

SET SQL_MODE="NO_AUTO_VALUE_ON_ZERO";
SET time_zone = "+00:00";


/*!40101 SET @OLD_CHARACTER_SET_CLIENT=@@CHARACTER_SET_CLIENT */;
/*!40101 SET @OLD_CHARACTER_SET_RESULTS=@@CHARACTER_SET_RESULTS */;
/*!40101 SET @OLD_COLLATION_CONNECTION=@@COLLATION_CONNECTION */;
/*!40101 SET NAMES utf8 */;

--
-- Base de données: `hkda_23446369_confV1`
--

-- --------------------------------------------------------

--
-- Structure de la table `comments`
--

CREATE TABLE IF NOT EXISTS `comments` (
  `ID` int(11) NOT NULL AUTO_INCREMENT,
  `Comment` text NOT NULL,
  `Post_ID` int(11) NOT NULL,
  `User_ID` int(11) NOT NULL,
  PRIMARY KEY (`ID`),
  KEY `commentPost` (`Post_ID`),
  KEY `comment_user` (`User_ID`)
) ENGINE=MyISAM  DEFAULT CHARSET=utf8 AUTO_INCREMENT=62 ;

--
-- Contenu de la table `comments`
--

INSERT INTO `comments` (`ID`, `Comment`, `Post_ID`, `User_ID`) VALUES
(48, 'test', 58, 44),
(49, 'hjkhjkhjk', 62, 327),
(52, 'gggggggg', 61, 327),
(61, 'hhhh', 60, 329),
(55, 'هههههه', 61, 328),
(56, 'هههه ههه ههههه', 59, 328),
(57, 'هههه ههه ههههه', 59, 328),
(58, 'ههههه ههه ههههه ه هههههه', 65, 328),
(59, 'نمتيسب سيبنتس سنيترسنيتر', 66, 328),
(60, 'هدا اختباررر', 67, 328);

-- --------------------------------------------------------

--
-- Structure de la table `likes`
--

CREATE TABLE IF NOT EXISTS `likes` (
  `ID` int(11) NOT NULL AUTO_INCREMENT,
  `Post_ID` int(11) NOT NULL,
  `User_ID` int(11) NOT NULL,
  PRIMARY KEY (`ID`),
  KEY `likes_cons` (`Post_ID`),
  KEY `like_user` (`User_ID`)
) ENGINE=MyISAM  DEFAULT CHARSET=utf8 AUTO_INCREMENT=48 ;

--
-- Contenu de la table `likes`
--

INSERT INTO `likes` (`ID`, `Post_ID`, `User_ID`) VALUES
(31, 60, 44),
(32, 56, 44),
(33, 55, 44),
(34, 59, 44),
(36, 61, 44),
(37, 59, 0),
(38, 60, 0),
(45, 62, 0),
(40, 61, 0),
(44, 61, 325),
(46, 62, 327),
(47, 60, 330);

-- --------------------------------------------------------

--
-- Structure de la table `posts`
--

CREATE TABLE IF NOT EXISTS `posts` (
  `ID` int(11) NOT NULL AUTO_INCREMENT,
  `Post` text NOT NULL,
  `Category` varchar(255) NOT NULL,
  `Date_Add` datetime NOT NULL DEFAULT CURRENT_TIMESTAMP,
  `Shares` int(3) NOT NULL DEFAULT '0',
  PRIMARY KEY (`ID`)
) ENGINE=MyISAM  DEFAULT CHARSET=utf8 AUTO_INCREMENT=68 ;

--
-- Contenu de la table `posts`
--

INSERT INTO `posts` (`ID`, `Post`, `Category`, `Date_Add`, `Shares`) VALUES
(44, 'بـ الستار وبولندا عدد, هو تاريخ مسارح المضي يكن. جمعت عجّل قام ثم, والحزب ليتسنّى دول أي. و عدد وبدون فرنسا لإنعدام. عل كما إجلاء المجتمع باستحداث, بل قائمة الأرضية فصل, تُصب يعبأ كما بـ. محاولات وقوعها، حيث كل, تلك كل ومضى الأمم بالرغم. من يكن شمال المزيفة.', 'dream', '2019-04-03 18:07:56', 0),
(45, 'بعد وعلى السفن إذ, كل فمرّ حاملات جُل. دول أن رئيس الصين, ما فقد شعار ولكسمبورغ. التي وزارة العسكري و عرض, خيار تصرّف الأولية أن حول. مشارف الواقعة بعض أي, ذات العدّ محاولات عن. دون اتفاقية التاريخ، أم, أخر استبدال بريطانيا، مع.', 'pain', '2019-04-03 18:09:16', 0),
(46, 'تحت قائمة الأرض كل. ٣٠ واستمرت الكونجرس بحق. ما بزمام وحرمان بعد. الى و لغات اوروبا ومطالبة. عن مئات لغزو وفرنسا دار, دول لغزو التنازلي تم. الدمج الدنمارك الأوربيين جعل ثم, فعل فسقط اليابان أم.\n', 'hardExp', '2019-04-03 18:10:11', 0),
(47, 'بلا مسارح الأثناء، عل, انه وبعد التحالف الإكتفاء مع. شمال بتخصيص ان أسر, أراض اوروبا التكاليف جهة بل. في شيء لغزو شموليةً, بها ٣٠ إعادة بالرّد العالمية, دول كل ٠٨٠٤ بالرغم. شيء أي ألمّ التخطيط.', 'firstExperience', '2019-04-03 18:10:28', 0),
(48, 'قدما المحيط وفي قد. جعل قد الأهداف للإتحاد, أخرى بوابة مسارح من عرض, انه واحدة فكانت أن. تصفح هنا؟ الثالث، عدم قد, بحق اكتوبر وبحلول واستمر عل. غير وبعدما بالمحور أي, لكون وانهاء عدد ثم.', 'randomFel', '2019-04-03 18:10:51', 0),
(49, 'قد مما بفرض الأخذ. بينما انتهت وصل ما, والتي السيء لتقليعة شيء قد. عل دفّة تكتيكاً واندونيسيا، جعل, قِبل المحيط عسكرياً كلا لم. بعض ٣٠ استبدال واشتدّت, مكن عل ثمّة واستمر. مما هنا؟ الإنزال قد, اللا لهيمنة الصينية دون إذ. تكبّد المؤلّفة كما بل.\n', 'other', '2019-04-03 18:11:03', 0),
(50, 'فصل أن اليها اكتوبر, تم فاتّبع بلديهما الإثنان لها. وقد مرجع الشرقي باستحداث ان, إيو و الله وسمّيت, جعل أن سليمان، المزيفة. مكن تطوير وباستثناء إذ. وصافرات الإتحاد بالمحور كل حدى, تم فقد لإعادة الأوضاع, ٣٠ وسفن بتخصيص بلا. و بقيادة لليابان باستحداث أخذ.', 'real', '2019-04-03 18:11:35', 0),
(51, 'خيار والقرى بتحدّي لكل عل. قد نهاية السبب تحت. بالحرب وتتحمّل عن دنو. ٢٠٠٤ تاريخ سليمان، مع يكن, الى قد السيء اليابانية, لدحر قائمة الإنذار، قبل هو.', 'pain', '2019-04-03 18:11:57', 0),
(52, 'قد لان وترك الفرنسية, ثم كلّ قتيل، التاريخ، بريطانيا،, مسرح ليتسنّى حيث في. جورج نهاية ان وتم, بداية الخاسر بها و, عل دأبوا المارق التقليدية تحت. الجنوب الساحلية الأوربيين ثم كلّ, بـ جهة جدول يقوم بالرّغم. هو مقاومة اليابانية قبل, مرمى تطوير بالرّغم كل ولم. في ذات مارد غينيا. عن شمال لدحر بها, رئيس فكان ٣٠ إيو, عدد ما حصدت يتمكن ديسمبر.', 'randomFel', '2019-04-03 18:12:16', 0),
(53, '\nمكن بـ شعار الأثناء،, المضي معاملة وتتحمّل يتم ما. حالية وبغطاء انه مع. ان الشمل شواطيء الإنذار، ومن, أسر علاقة موالية لمحاكم في, تلك كل بوابة العناد. عدم عن جدول ومضى الساحة. الذود غرّة، بمحاولة ما جُل. قد فعل تجهيز تزامناً والكساد, من به، تكبّد وبداية التخطيط.', 'dream', '2019-04-03 18:12:28', 0),
(54, 'بـ الستار وبولندا عدد, هو تاريخ مسارح المضي يكن. جمعت عجّل قام ثم, والحزب ليتسنّى دول أي. و عدد وبدون فرنسا لإنعدام. عل كما إجلاء المجتمع باستحداث, بل قائمة الأرضية فصل, تُصب يعبأ كما بـ. محاولات وقوعها، حيث كل, تلك كل ومضى الأمم بالرغم. من يكن شمال المزيفة.', 'fantasy', '2019-04-03 18:12:42', 0),
(55, '\nبعد وعلى السفن إذ, كل فمرّ حاملات جُل. دول أن رئيس الصين, ما فقد شعار ولكسمبورغ. التي وزارة العسكري و عرض, خيار تصرّف الأولية أن حول. مشارف الواقعة بعض أي, ذات العدّ محاولات عن. دون اتفاقية التاريخ، أم, أخر استبدال بريطانيا، مع.\n', 'firstExperience', '2019-04-03 18:12:57', 0),
(56, 'تحت قائمة الأرض كل. ٣٠ واستمرت الكونجرس بحق. ما بزمام وحرمان بعد. الى و لغات اوروبا ومطالبة. عن مئات لغزو وفرنسا دار, دول لغزو التنازلي تم. الدمج الدنمارك الأوربيين جعل ثم, فعل فسقط اليابان أم.', 'regret', '2019-04-03 18:13:08', 0),
(57, 'بلا مسارح الأثناء، عل, انه وبعد التحالف الإكتفاء مع. شمال بتخصيص ان أسر, أراض اوروبا التكاليف جهة بل. في شيء لغزو شموليةً, بها ٣٠ إعادة بالرّد العالمية, دول كل ٠٨٠٤ بالرغم. شيء أي ألمّ التخطيط.\n', 'randomFel', '2019-04-03 18:13:19', 0),
(58, 'قدما المحيط وفي قد. جعل قد الأهداف للإتحاد, أخرى بوابة مسارح من عرض, انه واحدة فكانت أن. تصفح هنا؟ الثالث، عدم قد, بحق اكتوبر وبحلول واستمر عل. غير وبعدما بالمحور أي, لكون وانهاء عدد ثم.\n', 'real', '2019-04-03 18:13:32', 0),
(59, '\nقد مما بفرض الأخذ. بينما انتهت وصل ما, والتي السيء لتقليعة شيء قد. عل دفّة تكتيكاً واندونيسيا، جعل, قِبل المحيط عسكرياً كلا لم. بعض ٣٠ استبدال واشتدّت, مكن عل ثمّة واستمر. مما هنا؟ الإنزال قد, اللا لهيمنة الصينية دون إذ. تكبّد المؤلّفة كما بل.', 'hardExp', '2019-04-03 18:13:47', 0),
(60, 'فصل أن اليها اكتوبر, تم فاتّبع بلديهما الإثنان لها. وقد مرجع الشرقي باستحداث ان, إيو و الله وسمّيت, جعل أن سليمان، المزيفة. مكن تطوير وباستثناء إذ. وصافرات الإتحاد بالمحور كل حدى, تم فقد لإعادة الأوضاع, ٣٠ وسفن بتخصيص بلا. و بقيادة لليابان باستحداث أخذ.', 'real', '2019-04-03 18:14:02', 0),
(61, 'مرحبا بكم في هذا الموقع تجربة نعم انه ليس هنا  تيست لاباس عليك نعم اليابان تونس نعم عنا لا اليابان تونس نعم عنا لا اليابان تونس نعم عنا لا اليابان تونس نعم عنا لا', 'regret', '2019-04-04 00:51:13', 0);

-- --------------------------------------------------------

--
-- Structure de la table `users`
--

CREATE TABLE IF NOT EXISTS `users` (
  `ID` int(11) NOT NULL AUTO_INCREMENT,
  `Username` varchar(255) NOT NULL,
  `Password` varchar(255) NOT NULL,
  PRIMARY KEY (`ID`),
  UNIQUE KEY `Username` (`Username`)
) ENGINE=MyISAM  DEFAULT CHARSET=utf8 AUTO_INCREMENT=340 ;

--
-- Contenu de la table `users`
--

INSERT INTO `users` (`ID`, `Username`, `Password`) VALUES
(43, '4beb5c0de3ce8e208828', '04b260aa07'),
(44, '29aa2387c9fdd8247134', '20122cec6e'),
(45, 'bd013e8b18c288bac25b', '2b466da2ac'),
(46, 'aac7342ab9d48adbeeb4', '256ef14ea2'),
(47, 'e27e3df93c805331e111', 'b75229370d'),
(48, 'a99105af9c7944095747', 'ee3f44f5db'),
(49, '5612307c74efdbd1d6bf', 'a9c61f32ef'),
(50, '07ff6e2fe633ce460011', 'b886451428'),
(51, 'b762d8d1dee9ca7ed876', 'b22d9ff9c8'),
(52, '514ec1912c236a790886', 'd3fb92d1e4'),
(53, '06c9d8403b3f95acadef', 'bc8e14d813'),
(54, '82871c3e8ee48a49a8e1', '3cccb52726'),
(55, '6d76b7c5d724ddd6c24b', 'ba082c070a'),
(56, '22eed8ccd7630364aa69', 'ca412286f3'),
(57, 'add00d52dbf6aa48a402', '8e60def50e'),
(58, '0d58cbd74c73cced1493', '57738ff68f'),
(59, '008fd60a9c74c09c8b1b', 'a9bae55397'),
(60, 'f4c343fd1e9919d09a01', '4db00997d2'),
(61, 'eccf2087529d12c58983', '1b9ac7c2ae'),
(62, 'f63ee10fbb19c451e9f8', 'ed74fe916e'),
(63, 'c732031d8797d17bea70', 'eefc67a866'),
(64, 'd3498bc1cb15528ae254', '4a0cec1069'),
(65, 'c3aca4526c0588ebfdc4', '357ae5d43a'),
(66, '17cd6628d8a9f856bad8', 'cac47a54d7'),
(67, '31176dd6ba22700b76df', '71ac60356d'),
(68, 'b3aff6ed3c6d1f8e3b8c', '20064ae5d5'),
(69, '32aa5949fa61291241c9', 'f02f05b1b3'),
(70, '747bb35dc443cd3c9190', '854e1b9071'),
(71, '6d24849b257ec9fcdc1b', 'ff5b7e8dca'),
(72, 'd1ac13d913962e383ce1', '3c8f420b31'),
(73, '302677659386869b0d76', 'd2eee0918c'),
(74, 'a58bf8ba99cd0606ab95', '7f4757e378'),
(75, '5bd04333ef360ab6f611', 'fb99f419ff'),
(76, 'febffec45bf5a9c42859', 'ba1acf952e'),
(77, '3dedeb5f91270a83e6f2', 'adea16844f'),
(78, 'a2842f71f660a255e460', '693a070dbf'),
(79, '2cd531cf6e9137d7a0b3', 'b4b80d1449'),
(80, 'b23cfaa9f24b14f2c22b', 'cb1a0f9d9e'),
(81, '4238b8ed2787e6dfb85b', '2bb21d5a58'),
(82, 'a4310601b267bba97754', '8dbfd0af40'),
(83, '92e619d92761f12530ec', '50cfc109df'),
(84, 'f438b1675411146314ad', 'b93b1d4632'),
(85, '7ee7f4936e5c91bf1bcb', '63f1a770f2'),
(86, 'd854dc909635e44f4c62', '9c00a8444d'),
(87, '2d0d55de47fd63691d64', '26f59bc785'),
(88, '98abd1f22bab7a24f646', 'a320352339'),
(89, '11ee8c2be2c2d13ccaae', '83004e00c4'),
(90, '17f5a6d19f9240774893', '39065a1a96'),
(91, 'c0af6cf8c98ce2023cba', '5e7767c117'),
(92, '3034dc6d9583b442e575', '05f48f9651'),
(93, 'fca25fa782edf908632f', '4012084989'),
(94, '1093c577483a5a0b9729', 'b0e7f69816'),
(95, '95399d88b7fe2550ee15', '786682c445'),
(96, '517bed19623d033ac17d', '1a8c2e1fd3'),
(97, '14008faf230e748aa6ff', '9f22cb5ad6'),
(98, '3461a896889cbea896f2', '4811784e61'),
(99, '4b7dece6de836c334631', '8eee6e85af'),
(100, 'fdc770633f80b9fb5955', '915027b87e'),
(101, '64f43fd2117f6314d250', '658ea95f5a'),
(102, '658709d97f863a5078b3', 'bed4a38636'),
(103, 'e8759dc4d888ae23d646', '53699e3838'),
(104, '9ddb19c77543acbfae84', '937c61cbb1'),
(105, '97686c6bfa8e28e73a4b', '9272bb17d8'),
(106, '90fc86cc3de9469e755e', '8a237dc48d'),
(107, 'd2419727fd723160a604', '746f0641ef'),
(108, '971f4484ee1cc740c354', '5b4e016cf0'),
(109, 'b67923cbccd4a8b95517', '9efe4bbe5c'),
(110, '3b6ebf2293f01478ce15', '005adb569e'),
(111, 'd4a0a24f4e017e3c2585', '6657b69044'),
(112, '98beb1b6938b976b7ee3', 'f11b667c25'),
(113, '45eb59de0d9373e6d612', 'e7c8b4899d'),
(114, '370ddbb22603d30fdd0a', '9568e9a95d'),
(115, '86ffbe45964963f3ecd0', '5f72e8b6fb'),
(116, 'f8cff1ebc5fc2c802050', '3e618a3d7e'),
(117, 'ae60972993f8742e78a7', 'f33a793747'),
(118, 'bf77e86fdcff5b37120b', 'cfd5d2cb6a'),
(119, '1401c9e24c754ea471d4', '74f58f93ad'),
(120, 'fdd1e5fd21bfc3d791e3', 'ed045f5a73'),
(121, '404249f6e953ec03ca09', '86c3571f62'),
(122, '3298f93a71340cc92eab', 'd7dfa48253'),
(123, '92f37aefb5cde6f65ef8', '367b356433'),
(124, '47552145b4d6713f3d27', '9557fb6ee6'),
(125, 'c3b03ab56622ff9ab609', '0a5277bcbd'),
(126, '6536c2995fb0af7f24f4', '70ba0de3b9'),
(127, 'a467b1c57b8aeed41eb1', 'f8f55ecca6'),
(128, '586238edd4c302600917', 'c10017b2c8'),
(129, 'f2c601cabe9f57c28a48', 'ca487cb121'),
(130, 'b455c763684af6883214', '716655441a'),
(131, 'ebe1d9fabe0b431f5c79', '8d3bbda8ce'),
(132, '7768bbebe84c31d2d9c1', '728b5a98d0'),
(133, '6048c215842204ae81f6', 'f81bf41d20'),
(134, '42e1a21b7118bae0e939', 'b2dafc95bb'),
(135, 'abef138ce1559f7c4a08', '0ba111103e'),
(136, '2867c6102b51f8aeea32', '8db67d5d45'),
(137, 'fed8539db5a040894fc6', '4f29098e57'),
(138, 'c1216cfa61c82f076084', '1d70c99374'),
(139, 'd04471584a84c4c6b13a', 'c8d6e597cc'),
(140, '8a5eb67ceaab92ef51bf', '9f750828eb'),
(141, 'ed174b806174743eddff', '25a2b6eab3'),
(142, '2cc64c6bc8f938f55ccb', '3abbc30598'),
(143, '760e8462537d98056717', '4a87e6cc9c'),
(144, '48bc3d4a82a81a7fbe1f', '76f71af273'),
(145, 'e9ce64bf746d35299b94', '3ed791c082'),
(146, 'cfb670456400516cb194', 'bdadc151f8'),
(147, 'fd8317966c5064d28c61', '43575c511f'),
(148, 'abfa522212bf91e347c2', 'd74ab5ce10'),
(149, '80dad241cb0c9093e370', 'db9ec8d7d8'),
(150, '097081a8a636a6d09e6d', '44af6c12d0'),
(151, '93e95212b8d2851be96e', 'cd573ba16c'),
(152, '7615e2cc4b09dee2ae10', '82819f52c6'),
(153, '390cd2fa1fd18a3b427b', '287c89d567'),
(154, 'f7b42e1302e66302fcd3', '9ace5e593b'),
(155, '700d82fbdebc7c6da042', 'a72026a90a'),
(156, '92718524f6afd4e7869e', '9f91355bee'),
(157, '2e63e9f57e2ec0403279', '056e4e081a'),
(158, '83783696698185e2648c', 'f3b1acc5a5'),
(159, 'f91bc29ff78eabf8dce6', 'ee62aa6afb'),
(160, '5c771e2f105e13606956', '3df8e30d1c'),
(161, '2aa52854809f67d78077', '107767d9f1'),
(162, '05797d7181850eb3115f', 'd08a87ef0c'),
(163, '3e8a6f948ad743066e98', 'ef29ec618d'),
(164, '943edf6d8f24caeae3c5', '3ac5ef408f'),
(165, 'ae1a721176f371a53fa8', '5ecd860c83'),
(166, 'a24d9349062f0317487c', '0387de6417'),
(167, '078c0330d226cbb6f2ff', '8c3706c19c'),
(168, '3c62b23eab4fb39945fb', 'cd7e1c0238'),
(169, '254a9a2092ac225d5045', '83e17d7bba'),
(170, 'c21291161783e13e77a4', '9abbd3825d'),
(171, '8daf0d7354b9b2615ba5', 'c23d57a534'),
(172, '098863566a76e67ebef7', '99c8b71336'),
(173, 'b8dacda5c840218b0521', '11a4b6f2ca'),
(174, '4b4f8fd0327e8479e5c4', 'da9ef38f5d'),
(175, '6e237adaf605a739bef6', 'd36adf4b98'),
(176, '4a1f36db10b6e981cfc9', '033a8282fe'),
(177, 'd06ec3578c4710e522d4', 'b4480f41e5'),
(178, 'cdd61d457ded3c31ae42', '593e2e4b7d'),
(179, 'a48e0e4487ba3899e6b7', '7adc0c59af'),
(180, 'e9fe2524fb5e33162665', '9a3e4fe120'),
(181, '85ee57f7a4202b147a22', '5de21b3123'),
(182, '9a7862a6f9c6d8ff8b35', '90be9a1a20'),
(183, 'c84beb0ef57aa420c99b', '436c4cb31a'),
(184, '1cea3348ce1414942b19', '13edad4156'),
(185, '27759d154b01586f583d', 'f1a200ee7d'),
(186, '38a7d53e2b588446f9b0', 'd68c6339cc'),
(187, '5f77da1751e8a306fe0d', '182590c649'),
(188, '654367d738acef42a591', '70babe162a'),
(189, '4410a017e513f08b4d67', '8832f21b35'),
(190, '33a1c88c807f5e153b13', 'bdff6920b1'),
(191, '2504af734f6cc2f5ea8d', 'd503c09669'),
(192, '3cf8ab34acb409e26c30', '279a92e147'),
(193, '5c63c325bfda76c38147', 'a3791d25e1'),
(194, 'cd39513b0c4c85437e07', '3b6e23a88a'),
(195, 'bb825a7974acb90c3203', '88db27a278'),
(196, '3f025bd1f725355db9fc', '1066411b7b'),
(197, 'babfe6d6870b0ce9c608', '1613b642ed'),
(198, '067f8f3342028f662c78', '8e95d81ac5'),
(199, '6f0e7f15d2bc4c5e6d8a', '22ef542d3f'),
(200, 'cdf6251cf855ff7e1ab2', 'ee183fdcd2'),
(201, '9555b1b6de7dff1b7ebc', 'fad251364c'),
(202, '3630bc392696aebc03f1', '84cc44ef17'),
(203, 'a6fd4d1b28ae1acd04b9', 'c2d4326b07'),
(204, 'b6e9c43ecc493ac43fb8', '7d8fdbe5aa'),
(205, '70f899060c26331799b3', 'e96a0a5c84'),
(206, 'c3b66fbb6ade748aad04', '68a65a1363'),
(207, 'a3810286f09aa82ddabc', 'e877c54885'),
(208, 'f3d8291b287812f59b83', '5568997231'),
(209, '12420549ea4bdd336f7d', 'b7dda583e6'),
(210, '3637dc7532f5924050c0', 'd5494a5b2c'),
(211, '0bcd72c49f995d8b8133', 'df6854c80b'),
(212, '60e1640cb3ebf02aec09', 'e3324791f8'),
(213, 'd39226ada94f1bd2a63b', 'ba0bc3243e'),
(214, '42ba9a7123625747bb80', 'b152efb707'),
(215, 'ce158796236b95eb7876', '89f256c19f'),
(216, 'b0505489634f4b5cf820', '518781204f'),
(217, '769b6d4b450f7d61f533', '251404ef0b'),
(218, '2b1c3527fba5d11d0b93', '6b08bd6106'),
(219, '7c8f1973f555b46e6b90', '58ba29b3ac'),
(220, '5a53b1b89eac630aa048', '8566332fae'),
(221, 'e1a09bc8a82d267cc1be', '7387c228ba'),
(222, 'ffa8a42206af55c10f35', 'f6e9f95a85'),
(223, 'fea4da2c1425ff08e591', 'd76127cbd8'),
(224, '9ddd72d643da0c797516', '7612fef4cc'),
(225, '8185a27c3ae1ee01860d', 'e829e8c0a7'),
(226, 'd23c91ecb0dd3b73adac', 'd291ec61ff'),
(227, 'eb1fa2fb823866e221e1', 'f6dd8d993a'),
(228, '08bb39cc6d6ef75d89cc', '35608d1fad'),
(229, '9e6cba94b0c3c408339e', 'b6c0ad0c80'),
(230, '5b3f4ab09f42d1fc06e4', 'c0a52f5643'),
(231, '79cbe033b31d677ee109', '7de27103f4'),
(232, 'e0196cc719f49c6ba870', 'e6bd79e7d5'),
(233, '259d57efa6357abf6a62', '9b6041db71'),
(234, '9c274c24c240cd52df3d', '2b9430850b'),
(235, '4ca7eb4c7a940de320ae', 'd70fab707d'),
(236, '79ea7474c125782ab326', '0eb8bff9c2'),
(237, '0e499a618f6d96498f19', '2f1569b9bf'),
(238, '63fa5b3be9228e326d73', 'f44c026d2d'),
(239, '67b47043925f54849aa1', '5d3bf1b02d'),
(240, 'e660e865fd1933ac06d8', '340e9218d6'),
(241, 'a66b68f9882472cd328e', 'f145043e8c'),
(242, '51927dcab56588e587e9', '1ce43634f0'),
(243, '910517ef5b71e3c24b9e', '0db87089ff'),
(244, 'dae73b3bfa702f43c2e1', '0afa114546'),
(245, '5f3f7ce9f7758b3c01b2', '4467ff5a32'),
(246, '775908ffaca9bdda1d9f', '283431a587'),
(247, 'f15ff841609921f9c622', '438cf19e47'),
(248, '5f6499f24984dcc425ca', 'd0a488cc00'),
(249, 'd61cccc8e5e0da857943', '7020fd9115'),
(250, '383153ace2fc55bd273b', '060f5a93ad'),
(251, '6657ff6ac80e0634de9d', '4a6d7dde4f'),
(252, '7a35d4b2347d57ffabd6', 'b975b6746c'),
(253, '92da769181b3528743a4', '4e99c55ded'),
(254, 'afd9dd6efbf0f6136a5f', '6025dc3e6d'),
(255, '0d8c27130fea7bda3b09', 'c668de0b55'),
(256, '0510c6726c5fe12f4bd6', '580effe681'),
(257, 'ed9578356719a450a286', '0ebd8ec6e6'),
(258, '165daac2f002babb72dd', '5a03a1f5d3'),
(259, 'f0b210bbd361c3652e23', '92032779db'),
(260, '7f5c92b475eb8d0a79a3', '6e55ef1456'),
(261, '0d02d9dc58b822c64d8b', '0c8c7f2112'),
(262, '027f58f0c83550f91dd5', '63e3c1f5f7'),
(263, 'c53fea2d9f26bb5f7e81', '31afffe5ca'),
(264, 'f5681a70189cf17491bb', '677d9b267c'),
(265, 'c3d7c2c2b177ac1281bd', '6c51afb506'),
(266, 'dd384dfe9e3694a2ae25', '6d5e983535'),
(267, '3ed90daa1319978e93ad', 'cc3c873b02'),
(268, '6dcb7399cc786abce313', 'ee8ed639da'),
(269, 'b3904e09514de6f090b1', 'adcc2b611c'),
(270, 'd8b9f23ef6a8b6412d28', '1f6d6f9398'),
(271, '7792cd0f21b9f96026d5', '19e3f8ee4f'),
(272, 'e62f7d80c7e0d4b9cdd6', '3515dfd0c6'),
(273, 'f11455a0e7ef5dbbcc9b', '9c6e0cd7a9'),
(274, '7400160b7a482ebb1156', 'fe6628f6af'),
(275, 'f538ad1d824bd0ac10f5', '16024562ea'),
(276, '226805d32c918dcf8209', '253bd93cbd'),
(277, '94003edca04c7095d75c', '03a5d50757'),
(278, '6be5165b0682d03322dc', 'd13ba12831'),
(279, '3fc1843da430b89fa0f1', 'c77317e86d'),
(280, '37a24653f1bf7ef47878', '7a8a067b4a'),
(281, '71ed15343d4dbbd9c4a4', '690735202e'),
(282, 'd0da05fab9600cf15be6', '541a0f9c4c'),
(283, '1d8730c494b35814727b', 'dd6e33e908'),
(284, 'eb1e593aaddf6728b3a3', '981b92b434'),
(285, '0a2d8c3ae8602c72309f', 'f8f1a13cec'),
(286, 'e1f396deec25bf4400dd', '0c241bfa0d'),
(287, '59032adc308df0ae5ca9', '0d84e9d08f'),
(288, '82434783511b66ba4a4d', 'bd37743eb1'),
(289, '553bf4709dd2fc980dd5', 'df29a5c324'),
(290, '15f22e09ea08ad8c50db', 'e1ba0ba06c'),
(291, 'c71552cd175c2fb706eb', 'f51c97c9d5'),
(292, '08a4db36f974d4db95e7', 'c9c23729c9'),
(293, 'fbd6955dc28abe54107b', '6e88dcf5eb'),
(294, '58367a6b1e0df7c35959', '69481e9e17'),
(295, '3ab2e6d63c17a6c6f205', 'a459fefe22'),
(296, 'a3af1667ffae38ef911c', '33c5a5c130'),
(297, 'b4efd5afb3abe4019a5d', '9167ea72c2'),
(298, '6016f9d427003690e57b', '8404b31296'),
(299, '74262f63d4666acf75c5', '4e0a528a21'),
(300, 'ca405994f177199949ba', '46f7685b2e'),
(301, '3402956e6d9d7f6ac2e5', '3ea7233060'),
(302, 'edbee660f92c64430549', '66f9b836f0'),
(303, 'b22def3c7f9f9848c9ee', '366fbba5e6'),
(304, '223d989a6c27c22a8634', '0671c98106'),
(305, 'ba37891f36d83f6fe850', 'f82fce7b00'),
(306, 'e4b8cd4b0d9117ac892e', 'b682c773ac'),
(307, 'ea9801284008067ddcde', '18e3c4fd5e'),
(308, '0acbae05666e9abcd988', 'b167d822ba'),
(309, '9238eba719ac206c1db5', 'f766ab0187'),
(310, '16d88e75d54fdc1c6d14', '3a0d546ea3'),
(311, 'b379dd3a50e0914dfa74', '949181edad'),
(312, 'd404670c253386f36b45', 'ba7a4acc8b'),
(313, 'e9d7ea13dad91f13d87d', '3e4f71c9c9'),
(314, 'aca2ff85bfbbd7e573d4', '5829ac5f33'),
(315, '70d554a8075a383f3942', 'd06fb5a831'),
(316, '98fa7b1a2d10c0791a26', '9f45566033'),
(317, 'd33b95c00f8b38cd973d', 'fb6a6f2156'),
(318, '3c33b9d100b0bed1d723', 'd595487e47'),
(319, 'ff34d1d37e29a22fd3db', 'd57997618c'),
(320, '0dfc9597f226e4e5763f', '4f19387aad'),
(321, 'cc1e66a4c93e9366a307', '33c3049cb6'),
(322, '1f6ab8fdc4358c79b595', '6eeddb43ac'),
(323, '644571718610cd9830c2', '8211affc9f'),
(324, '5760766065d08ebcb92d', '2ba2dec9f5'),
(325, 'f6031b1e4da85fc97e2e', '8e25b85373'),
(326, '5303dce5150df46db0ce', '22912b3634'),
(327, 'dc4633befb6a0a853df9', 'fc6f1537af'),
(328, '091f69c5521f681fd5ee', '648055d257'),
(329, '31a363afa45d3ab7c68e', 'ce27f96d4f'),
(330, '7afce769df95215a1842', '3e1b0b2427'),
(331, '28c3eb762dca3945e3c6', '923cd7459f'),
(332, 'aa8c7882718010e9c53e', 'eb926f3687'),
(333, '39c139eb2622d8192a08', 'f21159217a'),
(334, '7f5ef39c832333fdf2ab', 'd7178094c8'),
(335, '10f26579a9c0205b22c8', '1c646685ab'),
(336, '9a7f638eb2def3aab2d6', '0fca1c2b63'),
(337, '93b5b6ebf122cba33a77', 'e9687eb449'),
(338, '487c9e11f109656e41e1', '726ce17010'),
(339, '5818d06c2850be92dcc7', 'b29afd244d');

/*!40101 SET CHARACTER_SET_CLIENT=@OLD_CHARACTER_SET_CLIENT */;
/*!40101 SET CHARACTER_SET_RESULTS=@OLD_CHARACTER_SET_RESULTS */;
/*!40101 SET COLLATION_CONNECTION=@OLD_COLLATION_CONNECTION */;
